div.dynamic-carousel__item-container h3.dynamic-carousel__title,div.dynamic-carousel__item-container span.dynamic-carousel__price span
Kit 10 Cuecas Box Boxer Estampadas Masculino Atacado Revenda,R$ 43
"Smart TV Philco PTV50G10AG11SK DLED Android TV 4K 50"" 110V/220V",R$ 2.177
"Tapete 2,00x1,50 Tay Day Shaggy Mega Promoção Peludo",R$ 86
Celular Smartphone Motorola Moto E22 64gb 4gb 6.5 preto,R$ 899
"Smartphone Motorola Moto G22 Dual 6,5 128gb 4gb Ram Preto",R$ 1.039
Fritadeira Air Fryer Digital Gaabor Ga45m01a 4l 110v,R$ 379
Modulo Taramps Hd 3000 2 Ohms 3000w Amplificador Automotivo,R$ 628
Refletor Led 200w Holofote Bivolt Branco Frio Prova D Agua Luz Smd Lampada Luminaria Led Iluminação Placa Super Led Novo,R$ 93
Maquininha Point Smart - A Máquina De Cartão Do Mercado Pago,R$ 217
Boneca Bebê Reborn Girafinha Menina 48cm - 100% Silicone,R$ 264
Samsung Galaxy A03s 64 GB preto 4 GB RAM,R$ 779
Kit 12 Cuecas Masculinas Boxer Microfibra Polo Wear,R$ 129
Ar condicionado LG Dual Inverter Voice  split  frio 12000 BTU  branco 220V S4-Q12JA315,R$ 2.159
Frigobar Midea 93 Litros Black Edition,R$ 1.099
"Ventilador de teto Ventisol Fenix Inverter branco com 3 pás de  plástico, 960 mm de diâmetro 127 V/220 V",R$ 348
Lava e seca automática LG VC5 CV3011 inverter branca 11kg 127 V,R$ 3.699
Samsung Galaxy A03s Dual SIM 64 GB preto 4 GB RAM,R$ 755
Kit Com 10 Cuecas  Masculina Boxer De Algodão Mash,R$ 159
Ar condicionado LG Dual Inverter Voice  split  frio 9000 BTU  branco 220V S4-Q09AA31B,R$ 1.869
Frigobar Midea 67 Litros Black Edition,R$ 949
Kit 12 Cuecas Masculinas Boxer Microfibra Polo Wear,R$ 129
Kit Com 10 Cuecas  Masculina Boxer De Algodão Mash,R$ 159
Bola Campo Bravo X X I I I Penalty,R$ 97
Tênis Feminino Run Falcon 2.0 adidas *oferta*,R$ 179
Tênis Esportivo Masculino Cyber 3 Olympikus,R$ 178
Tênis Esportivo Feminino Onda 126 Olympikus,R$ 121
Chuteira Society Storm Y-2 Penalty,R$ 148
Bola Futebol Society 8 X Penalty,R$ 178
Kit Com 10 Cuecas Boxer Sem Costura Masculina D`uomo,R$ 155
Tênis Masculino Grand Court 2.0 adidas Novo,R$ 310
